Species Name,Light Tolerance,Migratory Status
dark swiftlet sp.,Tolerant,Resident
Amethyst Brown-Dove,Sensitive,Resident
Japanese/Arctic/Kamchatka Leaf Warbler,Sensitive,Migratory
Arctic Warbler,Sensitive,Migratory
Kamchatka Leaf Warbler,Sensitive,Migratory
Japanese Leaf Warbler,Sensitive,Migratory
Asian Glossy Starling,Tolerant,Resident
Ashy Minivet,Sensitive,Migratory
Ashy Thrush,Sensitive,Resident
Asian Koel,Tolerant,Resident
Barred Rail,Tolerant,Resident
Barn Swallow,Tolerant,Migratory
Black-crowned Night Heron,Tolerant,Resident
Black-headed Gull,Tolerant,Migratory
Black-winged Stilt,Tolerant,Resident
Black-faced Spoonbill,Sensitive,Migratory
Black-naped Oriole,Tolerant,Resident
Brown-breasted Kingfisher,Tolerant,Resident
Brown-headed Thrush,Sensitive,Migratory
Brown Shrike,Sensitive,Migratory
Blue-tailed Bee-eater,Sensitive,Migratory
Buff-banded Rail,Tolerant,Resident
Blue Rock-Thrush,Sensitive,Migratory
Eastern Cattle-Egret,Tolerant,Resident
Chestnut Munia,Tolerant,Resident
Chinese Egret,Sensitive,Migratory
Clamorous Reed Warbler,Tolerant,Resident
Collared Kingfisher,Tolerant,Resident
Common Greenshank,Tolerant,Migratory
Common Kingfisher,Sensitive,Migratory
Eurasian Moorhen,Tolerant,Resident
Indian Peafowl,Tolerant,Resident
Common Redshank,Sensitive,Migratory
Common Sandpiper,Tolerant,Migratory
Coppersmith Barbet,Tolerant,Resident
Crested Myna,Tolerant,Resident
Pachyglossa/Dicaeum sp.,Sensitive,Resident
pigeon/dove sp.,Tolerant,Resident
Elegant Tit,Tolerant,Resident
Asian Emerald Dove,Sensitive,Resident
Eurasian Tree Sparrow,Tolerant,Resident
Eyebrowed Thrush,Sensitive,Migratory
Golden-bellied Gerygone,Tolerant,Resident
Gray Heron,Sensitive,Migratory
Great Egret,Sensitive,Migratory
Gray Parrot,Tolerant,Resident
Gray Wagtail,Sensitive,Migratory
Guaiabero,Sensitive,Resident
Gray-backed Tailorbird,Tolerant,Resident
Gray-rumped Swiftlet,Tolerant,Resident
Gray-streaked Flycatcher,Sensitive,Migratory
Gray-tailed Tattler,Sensitive,Migratory
heron sp.,Tolerant,Resident
Medium Egret,Sensitive,Migratory
Javan Pond-Heron,Tolerant,Resident
Java Sparrow,Tolerant,Resident
Kentish Plover,Tolerant,Migratory
Philippine Jungle Crow,Tolerant,Resident
Siberian Sand-Plover,Sensitive,Migratory
Little Ringed Plover,Tolerant,Migratory
Little Egret,Tolerant,Resident
Little Grebe,Sensitive,Resident
Long-tailed Shrike,Tolerant,Resident
Long-toed Stint,Sensitive,Migratory
Lowland White-eye,Tolerant,Resident
Mangrove Blue Flycatcher,Sensitive,Resident
Marsh Sandpiper,Sensitive,Migratory
Scaly-breasted Munia,Tolerant,Resident
Garden Sunbird,Tolerant,Resident
Orange-bellied Flowerpecker,Sensitive,Resident
Oriental Cuckoo,Sensitive,Migratory
Paddyfield Pipit,Tolerant,Resident
Osprey,Sensitive,Migratory
Pacific Swallow,Tolerant,Resident
Pacific Golden-Plover,Tolerant,Migratory
Ameline Swiftlet,Tolerant,Resident
parrot sp.,Tolerant,Resident
Peregrine Falcon,Tolerant,Migratory
Philippine Cuckoo-Dove,Sensitive,Resident
Philippine Hawk-Cuckoo,Sensitive,Resident
Philippine Bulbul,Tolerant,Resident
Philippine Coucal,Tolerant,Resident
Philippine Hanging-Parrot,Tolerant,Resident
Philippine Magpie-Robin,Tolerant,Resident
Philippine Nightjar,Sensitive,Resident
Philippine Pied-Fantail,Tolerant,Resident
Philippine Swiftlet,Tolerant,Resident
Philippine Pygmy Woodpecker,Tolerant,Resident
Philippine Scops-Owl,Sensitive,Resident
Pied Bushchat,Tolerant,Resident
Pied Triller,Tolerant,Resident
Plain Bush-hen,Sensitive,Resident
Plaintive Cuckoo,Tolerant,Resident
plover sp.,Sensitive,Migratory
Purple Heron,Sensitive,Resident
Pygmy Flowerpecker,Tolerant,Resident
rail/crake sp.,Tolerant,Resident
Red Collared-Dove,Tolerant,Resident
Red Junglefowl,Sensitive,Resident
Red-necked Stint,Sensitive,Migratory
Red-keeled Flowerpecker,Tolerant,Resident
Rock Pigeon,Tolerant,Resident
Rose-ringed Parakeet,Tolerant,Resident
Nankeen Night Heron,Tolerant,Resident
Salmon-crested Cockatoo,Sensitive,Resident
White's Thrush,Sensitive,Migratory
snipe sp.,Sensitive,Migratory
Spotted Buttonquail,Sensitive,Resident
Spotted Dove,Tolerant,Resident
Spotted Kingfisher,Sensitive,Resident
Striated Grassbird,Tolerant,Resident
Little Heron,Tolerant,Resident
Sulphur-crested Cockatoo,Sensitive,Resident
swallow sp.,Tolerant,Resident
swift sp.,Tolerant,Resident
swiftlet sp.,Tolerant,Resident
tailorbird sp.,Tolerant,Resident
Tawny Grassbird,Tolerant,Resident
wagtail sp.,Sensitive,Migratory
Western Hooded Pitta,Sensitive,Migratory
White-browed Crake,Sensitive,Resident
Buzzing Flowerpecker,Sensitive,Resident
White-breasted Waterhen,Tolerant,Resident
White-breasted Woodswallow,Tolerant,Resident
White-eared Brown-Dove,Sensitive,Resident
white egret sp.,Tolerant,Resident
Eurasian Whimbrel,Sensitive,Migratory
Whiskered Tern,Tolerant,Migratory
White-winged Tern,Tolerant,Migratory
Wood Sandpiper,Tolerant,Migratory
Arctic/Kamchatka Leaf Warbler,Sensitive,Migratory
Yellow Bittern,Sensitive,Resident
Yellow-vented Bulbul,Tolerant,Resident
Zebra Dove,Tolerant,Resident
Asian Palm Swift,Tolerant,Resident
Azure-breasted Pitta,Sensitive,Resident
Black-and-cinnamon Fantail,Sensitive,Resident
Philippine Honey-buzzard,Sensitive,Resident
Black-and-white Triller,Tolerant,Resident
Black-chinned Fruit-Dove,Sensitive,Resident
Blue-crowned Racquet-tail,Sensitive,Resident
bee-eater sp.,Sensitive,Migratory
Black-bibbed Cicadabird,Sensitive,Resident
Blue-capped Kingfisher,Sensitive,Resident
Black-faced Coucal,Sensitive,Resident
Black-naped Monarch,Sensitive,Resident
Mindanao Blue-Fantail,Sensitive,Resident
Brown Tit-Babbler,Sensitive,Resident
Buff-spotted Flameback,Sensitive,Resident
Celestial Monarch,Sensitive,Resident
Chocolate Boobook,Sensitive,Resident
Philippine Jungle Flycatcher,Sensitive,Resident
Coleto,Tolerant,Resident
Crested Goshawk,Tolerant,Resident
Everett's Scops-Owl,Sensitive,Resident
Everett's White-eye,Tolerant,Resident
Great Eared-Nightjar,Sensitive,Resident
Green Imperial-Pigeon,Sensitive,Resident
Gray-faced Buzzard,Sensitive,Migratory
Short-tailed Drongo,Sensitive,Resident
Handsome Sunbird,Sensitive,Resident
hawk sp.,Tolerant,Resident
Little Bronze-Cuckoo,Tolerant,Resident
Little Slaty Flycatcher,Sensitive,Resident
Metallic-winged Sunbird,Sensitive,Resident
Mindanao Boobook,Sensitive,Resident
Giant Scops-Owl,Sensitive,Resident
Mindanao Hornbill,Sensitive,Resident
Negros Leaf Warbler,Sensitive,Resident
Naked-faced Spiderhunter,Sensitive,Resident
Olive-backed Flowerpecker,Sensitive,Resident
Oriental Honey-buzzard,Sensitive,Migratory
Orange-tufted Spiderhunter,Sensitive,Resident
Pink-bellied Imperial-Pigeon,Sensitive,Resident
Philippine Drongo-Cuckoo,Sensitive,Resident
Philippine Fairy-bluebird,Sensitive,Resident
Philippine Falconet,Tolerant,Resident
Philippine Frogmouth,Sensitive,Resident
Philippine Leafbird,Sensitive,Resident
Philippine Spinetail,Tolerant,Resident
Philippine Oriole,Sensitive,Resident
Philippine Trogon,Sensitive,Resident
Philippine Leaf Warbler,Sensitive,Resident
Philippine Serpent-Eagle,Sensitive,Resident
Pinsker's Hawk-Eagle,Sensitive,Resident
Gray-throated Sunbird,Tolerant,Resident
Philippine Green-Pigeon,Sensitive,Resident
Purple Needletail,Tolerant,Migratory
Purple-throated Sunbird,Sensitive,Resident
Mindanao Pygmy-Babbler,Sensitive,Resident
Pygmy Swiftlet,Tolerant,Resident
Philippine Pitta,Sensitive,Resident
Ridgetop Swiftlet,Tolerant,Resident
Rusty-crowned Babbler,Sensitive,Resident
Rufous Hornbill,Sensitive,Resident
Rufous-fronted Tailorbird,Sensitive,Resident
Rufous-lored Kingfisher,Sensitive,Resident
Rufous Paradise-Flycatcher,Sensitive,Resident
Scarlet Minivet,Sensitive,Resident
Short-crested Monarch,Sensitive,Resident
Southern Silvery-Kingfisher,Sensitive,Resident
Stripe-sided Rhabdornis,Sensitive,Resident
Striated Wren-Babbler,Sensitive,Resident
Violet Cuckoo,Sensitive,Resident
Wattled Broadbill,Sensitive,Resident
White-bellied Munia,Tolerant,Resident
White-browed Tailorbird,Tolerant,Resident
White-bellied Woodpecker,Sensitive,Resident
Writhed Hornbill,Sensitive,Resident
Yellow-breasted Fruit-Dove,Sensitive,Resident
Yellow-bellied Whistler,Sensitive,Resident
Yellowish Bulbul,Tolerant,Resident
Yellow-wattled Bulbul,Tolerant,Resident
Pink-necked Green-Pigeon,Tolerant,Resident
Red-footed Booby,Tolerant,Resident
Wandering Whistling-Duck,Tolerant,Resident
Visayan Cuckooshrike,Sensitive,Resident
Balicassiao,Tolerant,Resident
Bicolored Flowerpecker,Sensitive,Resident
Brahminy Kite,Tolerant,Resident
Magnificent Sunbird,Sensitive,Resident
Maroon-naped Sunbird,Sensitive,Resident
Negros Bleeding-heart,Sensitive,Resident
Negros Jungle Flycatcher,Sensitive,Resident
Visayan Tailorbird,Tolerant,Resident
Black-belted Flowerpecker,Sensitive,Resident
Rufous-crowned Bee-eater,Tolerant,Resident
Visayan Hornbill,Sensitive,Resident
Visayan Bulbul,Tolerant,Resident
Visayan Fantail,Sensitive,Resident
Visayan Shama,Sensitive,Resident
White-vented Whistler,Sensitive,Resident
White-winged Cuckooshrike,Sensitive,Resident
Yellow-faced Flameback,Sensitive,Resident
Red-crested Malkoha,Sensitive,Resident
Sierra Madre Crow,Sensitive,Resident
Northern Sooty-Woodpecker,Sensitive,Resident
Australasian Grass-Owl,Sensitive,Resident
Bar-bellied Cuckooshrike,Sensitive,Resident
Besra,Tolerant,Resident
Blackish Cuckooshrike,Sensitive,Resident
Blue-headed Fantail,Sensitive,Resident
Sunda Brush Cuckoo,Sensitive,Resident
Cinnamon Bittern,Tolerant,Resident
Citrine Canary-Flycatcher,Sensitive,Resident
diurnal raptor sp.,Tolerant,Resident
Dollarbird,Tolerant,Resident
Eurasian Curlew,Sensitive,Migratory
Flaming Sunbird,Sensitive,Resident
Green-backed Tailorbird,Sensitive,Resident
Golden-headed Cisticola,Tolerant,Resident
Great Crested Tern,Sensitive,Migratory
Chinese Sparrowhawk,Sensitive,Migratory
Greater Sand-Plover,Sensitive,Migratory
Luzon Flameback,Sensitive,Resident
Luzon Hornbill,Sensitive,Resident
Philippine Hawk-Eagle,Sensitive,Resident
Luzon Boobook,Tolerant,Resident
Rufous Coucal,Sensitive,Resident
Scale-feathered Malkoha,Sensitive,Resident
Sulphur-billed Nuthatch,Sensitive,Resident
Philippine Megapode,Sensitive,Resident
tern sp.,Sensitive,Migratory
Warbling White-eye,Tolerant,Resident
White-browed Shama,Sensitive,Resident
Whiskered Treeswift,Tolerant,Resident
White-lored Oriole,Sensitive,Resident
Eastern Red-rumped Swallow,Tolerant,Migratory
Benguet Bush Warbler,Sensitive,Resident
Bundok Flycatcher,Sensitive,Resident
Chestnut-faced Babbler,Sensitive,Resident
Fire-throated Flowerpecker,Sensitive,Resident
Green-backed Whistler,Sensitive,Resident
Mountain Shrike,Sensitive,Resident
Turquoise Flycatcher,Sensitive,Resident
Luzon Island-Thrush,Sensitive,Resident
Little Pied Flycatcher,Sensitive,Resident
Long-tailed Bush Warbler,Sensitive,Resident
Luzon Racquet-tail,Sensitive,Resident
Luzon Redstart,Sensitive,Resident
Metallic Pigeon,Sensitive,Resident
Mountain Tailorbird,Sensitive,Resident
Olive-backed Pipit,Sensitive,Migratory
Philippine Bush Warbler,Sensitive,Resident
Red Crossbill,Sensitive,Resident
Philippine Shortwing,Sensitive,Resident
Yellowish White-eye,Tolerant,Resident
Lesser Coucal,Tolerant,Resident
Oriental Skylark,Tolerant,Resident
Visayan Babbler,Sensitive,Resident
Eastern Yellow Wagtail,Sensitive,Migratory
Northern Silvery-Kingfisher,Sensitive,Resident
Samar Hornbill,Sensitive,Resident
Visayan Blue-Fantail,Sensitive,Resident
Visayan Broadbill,Sensitive,Resident
Yellow-breasted Tailorbird,Sensitive,Resident
Accipitrine hawk sp.,Tolerant,Resident
Phylloscopus sp.,Sensitive,Migratory
Zitting Cisticola,Tolerant,Resident
Ashy Drongo,Tolerant,Migratory
Asian House-Martin,Tolerant,Migratory
Black-bellied Plover,Sensitive,Migratory
Brown-eared Bulbul,Tolerant,Resident
Chinese Pond-Heron,Sensitive,Migratory
Common Myna,Tolerant,Resident
Common Snipe,Sensitive,Migratory
Daurian Redstart,Sensitive,Migratory
Dusky Thrush,Sensitive,Migratory
Eurasian Coot,Sensitive,Migratory
Eurasian Kestrel,Tolerant,Migratory
European Starling,Tolerant,Migratory
Eurasian Wigeon,Sensitive,Migratory
Gadwall,Sensitive,Migratory
Green-winged Teal,Sensitive,Migratory
Great Cormorant,Sensitive,Migratory
Green Sandpiper,Sensitive,Migratory
Light-vented Bulbul,Tolerant,Resident
Mallard,Sensitive,Migratory
Manchurian Bush Warbler,Sensitive,Migratory
Malayan Night Heron,Sensitive,Resident
Northern Boobook,Tolerant,Migratory
Northern Pintail,Sensitive,Migratory
Northern Shoveler,Sensitive,Migratory
Oriental Reed Warbler,Sensitive,Migratory
Oriental Turtle-Dove,Sensitive,Migratory
Pacific Reef-Heron,Tolerant,Resident
Pale Thrush,Sensitive,Migratory
pond-heron sp.,Sensitive,Migratory
Red-billed Starling,Tolerant,Migratory
Ruddy-breasted Crake,Sensitive,Resident
Ruddy Turnstone,Sensitive,Migratory
Ryukyu Scops-Owl,Sensitive,Migratory
thrush sp.,Sensitive,Migratory
Tufted Duck,Sensitive,Migratory
White-cheeked Starling,Tolerant,Migratory
Whistling Green-Pigeon,Sensitive,Resident
White Wagtail,Tolerant,Migratory
White-shouldered Starling,Tolerant,Migratory
Swinhoe's/Pin-tailed Snipe,Sensitive,Migratory
Yellow-billed Grosbeak,Sensitive,Migratory
Apo Myna,Sensitive,Resident
Blue-and-white Flycatcher,Sensitive,Migratory
Black-winged Kite,Tolerant,Resident
Bukidnon Woodcock,Sensitive,Resident
Chestnut-cheeked Starling,Tolerant,Migratory
Cinnamon Ibon,Sensitive,Resident
Gray-hooded Sunbird,Sensitive,Resident
McGregor's Cuckooshrike,Sensitive,Resident
Mindanao Heleia,Sensitive,Resident
Mindanao Racquet-tail,Sensitive,Resident
Apo Sunbird,Sensitive,Resident
Mugimaki Flycatcher,Sensitive,Migratory
Olive-capped Flowerpecker,Sensitive,Resident
Pied Harrier,Sensitive,Migratory
Red-eared Parrotfinch,Sensitive,Resident
Rufous-bellied Eagle,Sensitive,Resident
Rufous-headed Tailorbird,Sensitive,Resident
Short-tailed Starling,Sensitive,Resident
Stripe-breasted Rhabdornis,Sensitive,Resident
Bar-tailed Godwit,Sensitive,Migratory
Broad-billed Sandpiper,Sensitive,Migratory
Caspian Tern,Tolerant,Migratory
Common Tern,Sensitive,Migratory
Curlew Sandpiper,Sensitive,Migratory
Far Eastern Curlew,Sensitive,Migratory
Great Knot,Sensitive,Migratory
Gull-billed Tern,Tolerant,Migratory
Little Tern,Tolerant,Resident
Red Knot,Sensitive,Migratory
Sanderling,Sensitive,Migratory
Sharp-tailed Sandpiper,Sensitive,Migratory
Terek Sandpiper,Sensitive,Migratory
Cream-breasted Fruit-Dove,Sensitive,Resident
Golden-crowned Babbler,Sensitive,Resident
House Swift,Tolerant,Resident
Luzon Striped-Babbler,Sensitive,Resident
Sierra Madre Ground-Warbler,Sensitive,Resident
Thick-billed Flowerpecker,Sensitive,Resident
White-bellied Sea-Eagle,Tolerant,Resident
Camiguin Boobook,Sensitive,Resident
Greater Painted-Snipe,Tolerant,Resident
Lonchura sp.,Tolerant,Resident
Brown-throated Sunbird,Tolerant,Resident
Swinhoe's Snipe,Sensitive,Migratory
Dimorphic Dwarf-Kingfisher,Sensitive,Resident
Camiguin Bulbul,Sensitive,Resident
Common Pochard,Sensitive,Migratory
Garganey,Sensitive,Migratory
Gray-rumped/Ridgetop Swiftlet,Tolerant,Resident
Chirruping Nightjar,Sensitive,Resident
Black Shama,Sensitive,Resident
Cebu Boobook,Sensitive,Resident
Streak-breasted Bulbul,Sensitive,Resident
Bagobo Robin,Sensitive,Resident
Mindanao Brown-Dove,Sensitive,Resident
Lina's Sunbird,Sensitive,Resident
Mindanao Island-Thrush,Sensitive,Resident
Mindanao Scops-Owl,Sensitive,Resident
Spotted Imperial-Pigeon,Sensitive,Resident
Black Bittern,Sensitive,Resident
imperial-pigeon sp.,Sensitive,Resident
Middendorff's Grasshopper Warbler,Sensitive,Migratory
Mindanao Bleeding-heart,Sensitive,Resident
Ruddy Kingfisher,Sensitive,Resident
Cryptic Flycatcher,Sensitive,Resident
Whiskered Flowerpecker,Sensitive,Resident
Brown Booby,Tolerant,Resident
Chinese Crested Tern,Sensitive,Migratory
falcon sp.,Tolerant,Migratory
Pied Stilt,Tolerant,Resident
Eastern Buzzard,Sensitive,Migratory
Flame-breasted Fruit-Dove,Sensitive,Resident
Yellow-crowned Flowerpecker,Sensitive,Resident
Indigo-banded Kingfisher,Sensitive,Resident
Luzon Scops-Owl,Sensitive,Resident
passerine sp.,Tolerant,Resident
White-cheeked Bullfinch,Sensitive,Resident
Baikal Teal,Sensitive,Migratory
Gray-throated Martin,Tolerant,Resident
Philippine Collared-Dove,Tolerant,Resident
Yellow Bunting,Sensitive,Migratory
Acrocephalus sp.,Sensitive,Migratory
Barred Buttonquail,Sensitive,Resident
Blue-breasted Quail,Sensitive,Resident
coucal sp.,Sensitive,Resident
duck sp.,Sensitive,Migratory
Japanese Sparrowhawk,Sensitive,Migratory
Lemon-throated Leaf Warbler,Sensitive,Resident
Luzon Bleeding-heart,Sensitive,Resident
Pechora Pipit,Sensitive,Migratory
Philippine Swamphen,Tolerant,Resident
sunbird sp.,Tolerant,Resident
moorhen/coot/gallinule sp.,Tolerant,Resident
Besra/Japanese Sparrowhawk,Sensitive,Migratory
Mindoro Hornbill,Sensitive,Resident
Mindoro Racquet-tail,Sensitive,Resident
Ardea sp.,Sensitive,Migratory
Pheasant-tailed Jacana,Tolerant,Resident
Watercock,Tolerant,Resident
Flame-crowned Flowerpecker,Sensitive,Resident
Mindanao Plumed-Warbler,Sensitive,Resident
Negros Scops-Owl,Sensitive,Resident
Negros Striped-Babbler,Sensitive,Resident
Rosy Starling,Tolerant,Migratory
White-fronted Tit,Sensitive,Resident
Dunlin,Sensitive,Migratory
Eastern Marsh Harrier,Sensitive,Migratory
Eurasian Bittern,Sensitive,Migratory
gull sp.,Tolerant,Migratory
Muscovy Duck,Tolerant,Resident
Oriental Pratincole,Tolerant,Resident
Ruff,Sensitive,Migratory
shorebird sp.,Sensitive,Migratory
Siberian Rubythroat,Sensitive,Migratory
small bittern sp.,Sensitive,Resident
Tringa sp.,Sensitive,Migratory
Ashy-breasted Flycatcher,Sensitive,Resident
buttonquail sp.,Sensitive,Resident
Calidris sp.,Sensitive,Migratory
Asian Brown Flycatcher,Sensitive,Migratory
Ashy-fronted Bulbul,Sensitive,Resident
Ashy-headed Babbler,Sensitive,Resident
Square-tailed Drongo-Cuckoo,Sensitive,Resident
Palawan Fairy-bluebird,Sensitive,Resident
Bank Swallow,Sensitive,Migratory
Blue-headed Racquet-tail,Sensitive,Resident
Blue-eared Kingfisher,Sensitive,Resident
Black-headed Bulbul,Tolerant,Resident
Blue Paradise-Flycatcher,Sensitive,Resident
Brown-backed Needletail,Tolerant,Resident
Chestnut-breasted Malkoha,Sensitive,Resident
Common Iora,Tolerant,Resident
Copper-throated Sunbird,Sensitive,Resident
Crested Serpent-Eagle,Tolerant,Resident
Ventriloquial Oriole,Sensitive,Resident
Falcated Wren-Babbler,Sensitive,Resident
Fiery Minivet,Sensitive,Resident
Great-billed Heron,Tolerant,Resident
Greater Coucal,Tolerant,Resident
Great Slaty Woodpecker,Sensitive,Resident
Gray Imperial-Pigeon,Sensitive,Resident
Gray-throated Bulbul,Sensitive,Resident
Common Hill Myna,Tolerant,Resident
kingfisher sp.,Tolerant,Resident
Large-tailed Nightjar,Sensitive,Resident
Lesser Frigatebird,Tolerant,Resident
Lovely Sunbird,Sensitive,Resident
Malaysian Plover,Tolerant,Resident
Mangrove Whistler,Tolerant,Resident
Mantanani Scops-Owl,Sensitive,Resident
Palawan Sunbird,Tolerant,Resident
Oriental Hobby,Tolerant,Resident
Palawan Blue Flycatcher,Sensitive,Resident
Palawan Babbler,Sensitive,Resident
Palawan Drongo,Sensitive,Resident
Palawan Flowerpecker,Sensitive,Resident
Palawan Flycatcher,Sensitive,Resident
Palawan Frogmouth,Sensitive,Resident
Palawan Hornbill,Sensitive,Resident
Palawan Peacock-Pheasant,Sensitive,Resident
Pale Spiderhunter,Sensitive,Resident
Palawan Tit,Sensitive,Resident
Palawan Scops-Owl,Sensitive,Resident
Pied Imperial-Pigeon,Tolerant,Resident
Red-headed Flameback,Sensitive,Resident
Rufous-backed Dwarf-Kingfisher,Sensitive,Resident
Rufous-tailed Tailorbird,Sensitive,Resident
Palawan Crow,Tolerant,Resident
Spot-throated Flameback,Sensitive,Resident
Spotted Wood-Owl,Sensitive,Resident
Stork-billed Kingfisher,Tolerant,Resident
Pin-striped Tit-Babbler,Sensitive,Resident
Sulphur-bellied Bulbul,Sensitive,Resident
Thick-billed Green-Pigeon,Sensitive,Resident
green-pigeon sp.,Sensitive,Resident
Velvet-fronted Nuthatch,Sensitive,Resident
White-vented Shama,Sensitive,Resident
White-nest Swiftlet,Tolerant,Resident
Changeable Hawk-Eagle,Sensitive,Resident
Yellow-throated Leafbird,Sensitive,Resident
Calabarzon Babbler,Sensitive,Resident
Bicol Ground-Warbler,Sensitive,Resident
Long-billed Rhabdornis,Sensitive,Resident
Whiskered Pitta,Sensitive,Resident
flowerpecker sp.,Sensitive,Resident
pipit sp.,Sensitive,Migratory
Romblon Boobook,Sensitive,Resident
Tablas Drongo,Sensitive,Resident
Tablas Fantail,Sensitive,Resident
Singing Bushlark,Tolerant,Resident
Black-naped Tern,Tolerant,Resident
Southern Sooty-Woodpecker,Sensitive,Resident
White-eared Tailorbird,Sensitive,Resident
Zamboanga Bulbul,Sensitive,Resident
Helmeted Guineafowl,Tolerant,Resident
Rosy-faced Lovebird,Tolerant,Resident
small swift sp.,Tolerant,Resident
Zosterops sp.,Tolerant,Resident
Mindanao Cuckooshrike,Sensitive,Resident
Philippine Dwarf-Kingfisher,Sensitive,Resident
Aleutian Tern,Sensitive,Migratory
Panay Striped-Babbler,Sensitive,Resident
Visayan Rhabdornis,Sensitive,Resident
Himalayan/Oriental Cuckoo,Sensitive,Migratory
Muscicapa sp.,Sensitive,Migratory
cisticola sp.,Tolerant,Resident
Visayan Pygmy-Babbler,Sensitive,Resident
Dusky Warbler,Sensitive,Migratory
Pacific Swift,Tolerant,Migratory
Black Paradise-Flycatcher,Sensitive,Resident
Japanese Waxwing,Sensitive,Migratory
Richard's Pipit,Sensitive,Migratory
Slaty-legged Crake,Sensitive,Migratory
Furtive Flycatcher,Sensitive,Resident
Red-legged Crake,Sensitive,Resident
dabbling duck sp.,Sensitive,Migratory
sand-plover sp.,Sensitive,Migratory
Roseate Tern,Sensitive,Migratory
eagle sp.,Sensitive,Resident
Black-winged/Pied Stilt,Tolerant,Resident
Northern Lapwing,Sensitive,Migratory
Mindoro Cuckooshrike,Sensitive,Resident
Black-hooded Coucal,Sensitive,Resident
crow sp.,Tolerant,Resident
Mindoro Boobook,Sensitive,Resident
Mindoro Bulbul,Sensitive,Resident
Mindoro Scops-Owl,Sensitive,Resident
Scarlet-collared Flowerpecker,Sensitive,Resident
Brown-throated/Gray-throated Sunbird,Tolerant,Resident
Flame-templed Babbler,Sensitive,Resident
brown-dove sp.,Sensitive,Resident
cuckoo sp. (Cuculidae),Tolerant,Resident
woodpecker sp.,Sensitive,Resident
drongo sp.,Sensitive,Resident
Streaked Shearwater,Sensitive,Migratory
fruit-dove sp.,Sensitive,Resident
Mongolian Gull,Tolerant,Migratory
Hooded Crane,Sensitive,Migratory
Bar-headed Goose,Sensitive,Migratory
Asian Dowitcher,Sensitive,Migratory
Japanese Night Heron,Sensitive,Migratory
Rusty-flanked Jungle Flycatcher,Sensitive,Migratory
Forest Wagtail,Sensitive,Migratory
bird sp.,Tolerant,Resident
Black-tailed Gull,Tolerant,Migratory
minivet sp.,Sensitive,Resident
Palawan Cuckoo-Dove,Sensitive,Resident
Palawan Striped-Babbler,Sensitive,Resident
Amur Stonechat,Sensitive,Migratory
swamphen sp.,Tolerant,Resident
Streptopelia sp.,Tolerant,Resident
owl sp.,Sensitive,Resident
White Cockatoo,Sensitive,Resident
Cuculus sp.,Sensitive,Migratory
Brown Noddy,Tolerant,Resident
Spotted Kestrel,Tolerant,Resident
Mindanao Jungle Flycatcher,Sensitive,Resident
Wedge-tailed Shearwater,Tolerant,Resident
Slaty-breasted Rail,Sensitive,Resident
Black Noddy,Tolerant,Resident
Bridled Tern,Tolerant,Resident
small plover sp.,Sensitive,Migratory
Cacomantis sp.,Tolerant,Resident
Black-tailed Godwit,Sensitive,Migratory
curlew sp.,Sensitive,Migratory
godwit sp.,Sensitive,Migratory
Tibetan Sand-Plover,Sensitive,Migratory
Sooty Tern,Sensitive,Migratory
Sooty/Bridled Tern,Tolerant,Resident
cuckooshrike sp.,Sensitive,Resident
Oriental Plover,Sensitive,Migratory
nightjar sp.,Sensitive,Resident
golden-plover sp.,Sensitive,Migratory
Narcissus Flycatcher,Sensitive,Migratory
Pied Avocet,Sensitive,Migratory
white-eye sp.,Tolerant,Resident
Red-necked Phalarope,Sensitive,Migratory
Large Hawk-Cuckoo,Sensitive,Migratory
Ferruginous Flycatcher,Sensitive,Migratory
Little Stint,Sensitive,Migratory
Vega Gull,Tolerant,Migratory
Black Kite,Tolerant,Migratory
Eurasian Siskin,Sensitive,Migratory
Glossy Ibis,Sensitive,Migratory
Lesser Black-backed Gull,Tolerant,Migratory
Dark-sided Flycatcher,Sensitive,Migratory
jaeger sp.,Sensitive,Migratory
Common Ringed Plover,Sensitive,Migratory
Greater Scaup,Sensitive,Migratory
Eastern Spot-billed Duck,Sensitive,Migratory
Tundra Bean-Goose,Sensitive,Migratory
Taiga/Tundra Bean-Goose,Sensitive,Migratory
harrier sp.,Sensitive,Migratory
Budgerigar,Tolerant,Resident
corella/white cockatoo sp.,Sensitive,Resident
Great/Oriental/Clamorous Reed Warbler,Sensitive,Migratory
Slaty-backed Gull,Tolerant,Migratory
Black-billed Hanging-Parrot,Sensitive,Resident
Larus sp.,Tolerant,Migratory
Nordmann's Greenshank,Sensitive,Migratory
Christmas Island Frigatebird,Sensitive,Migratory
Cotton Pygmy-Goose,Tolerant,Resident
frigatebird sp.,Tolerant,Resident
hornbill sp.,Sensitive,Resident
Little Curlew,Sensitive,Migratory
Siberian/Tibetan Sand-Plover,Sensitive,Migratory
Porzana/Zapornia sp.,Sensitive,Resident
Nicobar Pigeon,Sensitive,Resident
Tawitawi Brown-Dove,Sensitive,Resident
Great/Medium Egret,Sensitive,Migratory
Beach Thick-knee,Sensitive,Resident
Little Gull,Sensitive,Migratory
Indian Cuckoo,Sensitive,Migratory
Chestnut-winged Cuckoo,Sensitive,Migratory
Common Shelduck,Sensitive,Migratory
Locustella sp.,Sensitive,Migratory
Gray's/Sakhalin Grasshopper Warbler,Sensitive,Migratory
Gray-headed Fish-Eagle,Sensitive,Resident
Mindoro Imperial-Pigeon,Sensitive,Resident
spiderhunter sp.,Sensitive,Resident
Sunda Thrush,Sensitive,Resident
Greater White-fronted Goose,Sensitive,Migratory
Lapland Longspur,Sensitive,Migratory
Horornis sp.,Sensitive,Resident
Eurasian Spoonbill,Sensitive,Migratory
Cordillera Ground-Warbler,Sensitive,Resident
Ferruginous Duck,Sensitive,Migratory
Tboli Sunbird,Sensitive,Resident
Black Drongo,Sensitive,Migratory
Saunders's Gull,Sensitive,Migratory
Mandarin Duck,Sensitive,Migratory
Red-throated Pipit,Sensitive,Migratory
Pomarine Jaeger,Sensitive,Migratory
Jerdon's Baza,Sensitive,Resident
Tiger Shrike,Sensitive,Migratory
Great Frigatebird,Tolerant,Resident
Eurasian Moorhen/Common Gallinule,Tolerant,Resident
lovebird sp.,Tolerant,Resident
Masked Booby,Tolerant,Resident
Fischer's Lovebird,Tolerant,Resident
Black-backed/Rufous-backed Dwarf-Kingfisher,Sensitive,Resident
Palm Cockatoo,Sensitive,Resident
Leyte Plumed-Warbler,Sensitive,Resident
Samar Crow,Sensitive,Resident
Yellow-crested Cockatoo,Sensitive,Resident
Brown Boobook,Sensitive,Resident
gull/tern sp.,Tolerant,Migratory
Mindanao Shortwing,Sensitive,Resident
Ficedula sp.,Sensitive,Migratory
Black-faced Bunting,Sensitive,Migratory
Chestnut Bunting,Sensitive,Migratory
Common Rosefinch,Sensitive,Migratory
Little Bunting,Sensitive,Migratory
Lesser White-fronted Goose,Sensitive,Migratory
Reed Bunting,Sensitive,Migratory
Eurasian Skylark,Sensitive,Migratory
Taiga Flycatcher,Sensitive,Migratory
goose sp.,Sensitive,Migratory
Black-crowned/Nankeen Night Heron,Tolerant,Resident
Baillon's Crake,Sensitive,Migratory
Black-faced/Masked Bunting,Sensitive,Migratory
Black-headed Bunting,Sensitive,Migratory
Brambling,Sensitive,Migratory
Chestnut-eared Bunting,Sensitive,Migratory
Eurasian Sparrowhawk,Sensitive,Migratory
Falcated Duck,Sensitive,Migratory
Graylag Goose,Sensitive,Migratory
Hair-crested Drongo,Sensitive,Resident
Rook,Tolerant,Migratory
Taiga Bean-Goose,Sensitive,Migratory
Siberian/Amur Stonechat,Sensitive,Migratory
Yellow-browed Bunting,Sensitive,Migratory
Asian Stubtail,Sensitive,Migratory
Lanceolated Warbler,Sensitive,Migratory
Spotted Redshank,Sensitive,Migratory
Black-winged Cuckooshrike,Sensitive,Resident
Naumann's Thrush,Sensitive,Migratory
Common Hoopoe,Sensitive,Migratory
Long-billed Plover,Sensitive,Migratory
Red-throated Thrush,Sensitive,Migratory
Short-eared Owl,Sensitive,Migratory
Aythya sp.,Sensitive,Migratory
Eurasian Whimbrel/Eurasian Curlew,Sensitive,Migratory
Yellow-browed Warbler,Sensitive,Migratory
Black-backed Swamphen,Tolerant,Resident
Cockatiel,Tolerant,Resident
Eurasian Oystercatcher,Sensitive,Migratory
Rallus sp.,Tolerant,Resident
Common Gull,Tolerant,Migratory
Tanimbar Corella,Tolerant,Resident
Citrine Wagtail,Sensitive,Migratory
jaeger/skua sp.,Sensitive,Migratory
Chinese Blackbird,Sensitive,Migratory
Gray-headed Lapwing,Sensitive,Migratory
Yellow-breasted Warbler,Sensitive,Resident
Western/Eastern Cattle-Egret,Tolerant,Resident
Black-naped Fruit-Dove,Sensitive,Resident
Himalayan Cuckoo,Sensitive,Migratory
Banded Bay Cuckoo,Sensitive,Resident
White-tailed Tropicbird,Sensitive,Migratory
Long-tailed Jaeger,Sensitive,Migratory
Zitting/Golden-headed Cisticola,Tolerant,Resident
stilt/avocet sp.,Tolerant,Migratory
Far Eastern/Eurasian Curlew,Sensitive,Migratory
Pacific/Barn Swallow,Tolerant,Migratory
Bulwer's Petrel,Sensitive,Migratory
Eurasian Hobby,Sensitive,Migratory
Eurasian Wryneck,Sensitive,Migratory
Hawfinch,Sensitive,Migratory
House Sparrow,Tolerant,Resident
Schrenck's Bittern,Sensitive,Migratory
Temminck's Stint,Sensitive,Migratory
myna/starling sp.,Tolerant,Resident
Black-headed/Red-headed Bunting,Sensitive,Migratory
White-throated Needletail,Tolerant,Migratory
teal sp.,Sensitive,Migratory
Siberian House-Martin,Tolerant,Migratory
Emberiza sp.,Sensitive,Migratory
Japanese Thrush,Sensitive,Migratory
Pallas's Grasshopper Warbler,Sensitive,Migratory
Pallas's Bunting,Sensitive,Migratory
Radde's Warbler,Sensitive,Migratory
Red-breasted Flycatcher,Sensitive,Migratory
Red-flanked Bluetail,Sensitive,Migratory
Rustic Bunting,Sensitive,Migratory
shearwater sp.,Sensitive,Migratory
Eurasian/Oriental Skylark,Tolerant,Resident
Yellow-breasted Bunting,Sensitive,Migratory
Japanese Leaf/Arctic Warbler,Sensitive,Migratory
Gray-headed Lovebird,Tolerant,Resident
Sulu Pygmy Woodpecker,Sensitive,Resident
Laughing Gull,Tolerant,Migratory
Bluethroat,Sensitive,Migratory
Blyth's Pipit,Sensitive,Migratory
Chestnut-tailed Starling,Tolerant,Migratory
Great Crested Grebe,Sensitive,Migratory
grebe sp.,Sensitive,Resident
Siberian Pipit,Sensitive,Migratory
Great/Red Knot,Sensitive,Migratory
Mindanao Serin,Sensitive,Resident
old world warbler sp.,Sensitive,Migratory
Long-billed Dowitcher,Sensitive,Migratory
Malayan/Japanese Night Heron,Sensitive,Resident
parrotfinch sp.,Sensitive,Resident
Spoon-billed Sandpiper,Sensitive,Migratory
Nazca Booby,Sensitive,Migratory
Swan Goose,Sensitive,Migratory
Blue-breasted Blue Flycatcher,Sensitive,Resident
Calayan Rail,Sensitive,Resident
shrike sp.,Sensitive,Migratory
Nisaetus sp.,Sensitive,Resident
spoonbill sp.,Sensitive,Migratory
Green-faced Parrotfinch,Sensitive,Resident
Oriental Darter,Tolerant,Resident
Cebu Flowerpecker,Sensitive,Resident
Brown/Black Noddy,Tolerant,Resident
Sterna sp.,Sensitive,Migratory
Sulu Hornbill,Sensitive,Resident
Rainbow Bee-eater,Sensitive,Migratory
Comb-crested Jacana,Tolerant,Resident
Black-crowned x Nankeen Night Heron,Tolerant,Resident
Pectoral Sandpiper,Sensitive,Migratory
Red-backed Shrike,Sensitive,Migratory
Willow Warbler,Sensitive,Migratory
Kermadec Petrel,Sensitive,Migratory
Cinnamon/Yellow Bittern,Tolerant,Resident
scops-owl sp.,Sensitive,Resident
Eastern Cattle-Egret/Medium Egret,Sensitive,Migratory
Elegant Imperial-Pigeon,Sensitive,Resident
Ruddy Shelduck,Sensitive,Migratory
Aberrant Bush Warbler,Sensitive,Resident
Japanese Leaf/Arctic/Kamchatka Leaf Warbler,Sensitive,Migratoryory
Tawny-breasted Parrotfinch,Tolerant,Resident
Palawan Cuckoo-Dove (undescribed form),Tolerant,Resident
White's/Scaly Thrush,Sensitive,Migratoryory
Accipitrine hawk sp. (former Accipiter sp.),Tolerant,Migratory
black myna sp.,Tolerant,Resident
Lesser Adjutant,Tolerant,Resident
Baer's Pochard,Sensitive,Migratory
Chinese Francolin,Tolerant,Resident
Red/Red-necked Phalarope,Sensitive,Migratory
Mindoro Island-Thrush,Sensitive,Resident
Red-necked/Little Stint,Sensitive,Migratory
fantail sp.,Tolerant,Resident
Siberian Blue Robin,Sensitive,Migratory
Daurian/Chestnut-cheeked Starling,Sensitive,Migratory
Ashy Tailorbird,Tolerant,Resident
Olive-winged Bulbul,Tolerant,Resident
Richard's / Paddyfield Pipit,Tolerant,Resident/Migratory
Red-tailed Tropicbird,Sensitive,Resident
Australian Pelican,Sensitive,Migratory
Blue-and-white / Zappey's Flycatcher,Sensitive,Migratory
Amur Paradise-Flycatcher,Sensitive,Migratory
Short-billed / Long-billed Dowitcher,Sensitive,Migratory
Mindanao Shortwing,Sensitive,Resident
Microtarsus / Rubigula / Pycnonotus sp. (Bulbuls),Tolerant,Resident
Asian Brown / Brown-streaked Flycatcher,Sensitive,Migratory
Large Fig-Parrot,Tolerant,Resident
Brant,Sensitive,Migratory
Apus sp. (Swifts),Tolerant,Resident 
Rufous-breasted Blue Flycatcher,Sensitive,Resident
cuckoo sp. (Cuculidae sp.),Tolerant,Migratory / Resident
Long-tailed / Parasitic Jaeger,Sensitive,Migratory
Sacred Kingfisher,Sensitive,Migratory
Bank Swallow / Pale Martin,Sensitive,Migratory
Richard's / Paddyfield Pipit,Tolerant,Migratory / Resident
Blue-and-white / Zappey's Flycatcher,Sensitive,Migratory
Short-billed / Long-billed Dowitcher,Sensitive,Migratory
Mindanao Shortwing (undescribed form),Sensitive,Resident
Microtarsus / Rubigula / Pycnonotus sp.,Tolerant,Resident
Asian Brown / Brown-streaked Flycatcher,Sensitive,Migratory
Gray-streaked / Dark-sided Flycatcher,Sensitive,Migratory
Blue-billed White-Tern (White Tern),Sensitive,Resident
Blue-winged Pitta,Sensitive,Migratory
Channel-billed Cuckoo,Sensitive,Migratory
Ijima's Leaf Warbler,Sensitive,Migratory
Gray's Grasshopper Warbler,Sensitive,Migratory
Domestic Goose sp. (Domestic type),Neutral,Resident
House / Eurasian Tree Sparrow,Tolerant,Resident
Pterodroma sp. (Gadfly Petrels),Sensitive,Migratory
Paradise-flycatcher sp.,Sensitive,Resident / Migratory
Daurian Starling,Sensitive,Migratory
Large / Common Hawk-Cuckoo,Sensitive,Migratory
Japanese Grosbeak,Sensitive,Migratory
Merlin,Sensitive,Migratory
Shikra,Tolerant,Resident
Turdus sp. (True Thrushes),Sensitive,Migratory / Resident
Blue-and-white / Zappey's Flycatcher,Sensitive,Migratory
Black-crowned x Nankeen Night Heron (hybrid),Tolerant,Resident